"DESCRIPTION","DURATION IN MS","NAME","PARENT SUITE","START TIME","STATUS","STOP TIME","SUB SUITE","SUITE","TEST CLASS","TEST METHOD"
"","692","Fail to authorize a non-existent order","","Mon Oct 05 08:41:47 UTC 2026","passed","Mon Oct 05 08:41:48 UTC 2026","","","",""
"","512","Successfully create an order with valid details","","Mon Oct 05 08:41:50 UTC 2026","passed","Mon Oct 05 08:41:51 UTC 2026","","","",""
"","993","Fail to authorize an order that has not been approved by the payer","","Mon Oct 05 08:41:48 UTC 2026","passed","Mon Oct 05 08:41:49 UTC 2026","","","",""
"","371","Fail to create an order with a missing purchase unit amount","","Mon Oct 05 08:41:50 UTC 2026","passed","Mon Oct 05 08:41:50 UTC 2026","","","",""
"","453","Fail to create an order without a valid access token","","Mon Oct 05 08:41:50 UTC 2026","passed","Mon Oct 05 08:41:50 UTC 2026","","","",""
"","756","Fail to authorize an order without a valid access token","","Mon Oct 05 08:41:49 UTC 2026","passed","Mon Oct 05 08:41:50 UTC 2026","","","",""
"","350","Successfully generate an access token with valid client credentials","","Mon Oct 05 08:41:47 UTC 2026","passed","Mon Oct 05 08:41:47 UTC 2026","","","",""
"","508","Fail to generate an access token with invalid client credentials","","Mon Oct 05 08:41:46 UTC 2026","passed","Mon Oct 05 08:41:47 UTC 2026","","","",""
"","0","CodeQL analysis","Security","Mon Oct 05 08:43:07 UTC 2026","passed","Mon Oct 05 08:43:07 UTC 2026","","Static analysis","",""
